<!-- $Id: ccl_defaults.xml,v 1.3 2001/10/07 08:28:53 ianibbo Exp $ -->
<CCLConfig default_attset="bib-1">
	<map qualifier="default">
		<set attrset="bib-1" type="1" value="1016" valtp="numeric" /> <!-- Default access point is anywhere -->
		<set attrset="bib-1" type="4" value="1" valtp="numeric" /> <!-- Default structure is phrase-->
	</map>
	<map qualifier="au">
		<set attrset="bib-1" type="1" value="2" valtp="numeric" /> <!-- Default access point is anywhere -->
		<set attrset="bib-1" type="4" value="1" valtp="numeric" /> <!-- Default structure is phrase-->
	</map>
	<map qualifier="ti">
		<set attrset="bib-1" type="1" value="4" valtp="numeric" /> <!-- Default access point is anywhere -->
		<set attrset="bib-1" type="4" value="1" valtp="numeric" /> <!-- Default structure is phrase-->
	</map>
	<map qualifier="isbn">
		<set attrset="bib-1" type="1" value="7" valtp="numeric" /> <!-- Default access point is anywhere -->
		<set attrset="bib-1" type="4" value="1" valtp="numeric" /> <!-- Default structure is phrase-->
	</map>
	<map qualifier="any">
		<set attrset="bib-1" type="1" value="1016" valtp="numeric" /> <!-- Default access point is anywhere -->
		<set attrset="bib-1" type="4" value="1" valtp="numeric" /> <!-- Default structure is phrase-->
	</map>
	<map qualifier="&lt;">
		<set attrset="bib-1" type="2" value="1" valtp="numeric" /> <!-- Less than -->
	</map>
	<map qualifier="&lt;=">
		<set attrset="bib-1" type="2" value="2" valtp="numeric" /> <!-- <= -->
	</map>
	<map qualifier="=">
		<set attrset="bib-1" type="2" value="3" valtp="numeric" /> <!-- = -->
	</map>
	<map qualifier=">=">
		<set attrset="bib-1" type="2" value="4" valtp="numeric" /> <!-- >= -->
	</map>
	<map qualifier=">">
		<set attrset="bib-1" type="2" value="5" valtp="numeric" /> <!-- > -->
	</map>
	<map qualifier="!=">
		<set attrset="bib-1" type="2" value="6" valtp="numeric" /> <!-- Not Equal -->
	</map>
	<map qualifier="&lt;>">
		<set attrset="bib-1" type="2" value="6" valtp="numeric" /> <!-- Not Equal-->
	</map>
	<map qualifier="phonetic">
		<set attrset="bib-1" type="2" value="100" valtp="numeric" /> <!-- Phonetic -->
	</map>
	<map qualifier="stem">
		<set attrset="bib-1" type="2" value="101" valtp="numeric" /> <!-- Stem -->
	</map>
	<map qualifier="relevance">
		<set attrset="bib-1" type="2" value="102" valtp="numeric" /> <!-- Relevance -->
	</map>
</CCLConfig>
